"Year","Brazil","China","India","Russia","Saudi Arabia"
"2014","226.3889","84.57353","101.6786","92","105"
"2015","226.3889","84.57353","101.6786","92","105"
"2016","226.3889","84.57353","91.88","92","105"
"2017","226.3889","84.57353","91.88","92","105"
"2018","226.3889","73.57353","77.65","92","105"
"2019","226.3889","73.57353","57.95","92","73"