"Time Period","Brazil","China","India","Russia","Saudi Arabia"
"2012","6.51231","3.8256","4.1027","5.2345","5.91431"
"2011","6.31824","3.72321","4.0193","5.1268","5.73952"
"2010","6.42567","3.31959","3.9642","5.1781","5.64736"
"2009","6.19374","3.21076","4.0875","5.2982","5.47154"
