,Brazil,China,India,Russia,Saudi Arabia
Brazil,0.0,0.9507143064099162,0.7319939418114051,0.5986584841970366,0.15601864044243652
China,0.15599452033620265,0.0,0.8661761457749352,0.6011150117432088,0.7080725777960455
India,0.020584494295802447,0.9699098521619943,0.0,0.21233911067827616,0.18182496720710062
Russia,0.18340450985343382,0.3042422429595377,0.5247564316322378,0.0,0.2912291401980419
Saudi Arabia,0.6118528947223795,0.13949386065204183,0.29214464853521815,0.3663618432936917,0.0
